FCROWD,https://as1-ftk.com,
ASSET FUNDING,https://asset-funding.jp,
Rimple,https://funding.propertyagent.co.jp,
LEVECHY,https://levechy.com/?utm_source=google&utm_medium=cpc&utm_campaign=bland_fund15&contents_name=c_levechy_e_Cj0KCQiAsOq6BhDuARIsAGQ4-zja1nxdNUb_MQjz_NEcWvBb2z7OrO9tVYKC8KZBnli5U19mWYx27OYaAs4tEALw_wcB&media_name=google_bland_fund15&gad_source=1&gbraid=0AAAAA-BH8jA9zInjyLiB-wG-ORBGBZKil&gclid=Cj0KCQiAsOq6BhDuARIsAGQ4-zja1nxdNUb_MQjz_NEcWvBb2z7OrO9tVYKC8KZBnli5U19mWYx27OYaAs4tEALw_wcB,
Renosy,https://www.renosy.com,
TASUKI Funds,https://tasuki-funds.jp,
i-Bond,https://www.i-bond.jp,
Funds,https://funds.jp,
TREC FUNDING,https://trec-funding.jp,
ハロー！RENOVATION,https://hello-renovation.jp,
Jointo α,https://join-to.jp/?tcsid=20241212_276874390,
B-Den,https://b-lot-cf.com,
LIFULL 不動産クラウドファンディング,https://recrowdfunding.lifull.jp,
JIN-SAKUみらいファンド,https://jinsaku-miraifund.com/,
NINE FUND,https://9-fund.com,
KORYO Funding,https://koryo-funding.jp,
COZUCHI,https://www.googleadservices.com/pagead/aclk?sa=L&ai=DChcSEwiJg6D6_qOKAxWeOnsHHewOK2gYABAAGgJ0bQ&co=1&gclid=Cj0KCQiAsOq6BhDuARIsAGQ4-zjAUu0ByqLXgCuqOI3ImQ0dXyuPoe1tuYkY1xempb3mmjapIiU07hMaAqSEEALw_wcB&ohost=www.google.com&cid=CAESV-D2gwNfZy1NrCeuB81cXo3Kuz4k6s9lTtMe4UuQ8cpYql0TTI9tc64fDcVArg4ribN55gOLkSs0EsJkOImYqap8dPBj5cFkrcEdYqNqsqpUW953p5diiQ&sig=AOD64_3fXI8f4TAowWsbXYHOZNK2-1TOtw&q&adurl&ved=2ahUKEwiWtZr6_qOKAxWtsFYBHQEBH5AQ0Qx6BAgLEAE&nis=2,
Wallet Funding,https://wallet-funding.com,
FANTAS funding,https://www.fantas-funding.com,
FC FUNDING,https://fc-funding.jp,
CREAL,https://www.campaign.creal.jp/2406-lp?utm_source=google&utm_medium=cpc&utm_campaign=brand7_cp50000&utm_term=creal&gad_source=1&gbraid=0AAAAAC4b_pRIiLlWQXLcZdlqq-SU6gSmK&gclid=Cj0KCQiAsOq6BhDuARIsAGQ4-ziHmtr-fBd_xfp4ayTbSMDNLgifTyw6TWCjHUoQi_hjxFi8I_9EuQYaAtgoEALw_wcB,
SAGLアドバイザーズ,http://www.sagl.co.jp,
ASSECLI,https://assecli.com,
LSEED,https://lseed.landnet.co.jp,
みんなdeマンション経営,https://minman.tokyo,
ちょこっと不動産,https://chokotto-fudousan.jp/?gad_source=1&gbraid=0AAAAABoSXUnz4cFXzcYV5RSsAoG15oedD&gclid=Cj0KCQiAsOq6BhDuARIsAGQ4-zhi6DxbDPyBvRKAz8b0s4hz7QiyFKILnIsWn9rZ4cPcGdRcCtTGGaMaAtBdEALw_wcB,
GoodComFund,https://goodcom.fund,
PARTNERS Funding,https://partners-funding.jp,
A funding,https://afunding.jp,
FUNDROP,https://fundrop.jp,
Funvestを利用,https://ftt-funvest.jp,
TOMOTAQU,https://tomotaqu.com/lp101/?gad_source=1&gbraid=0AAAAA9zG0T5wzlnFm5ZlP66O0ZNvuNXTd&gclid=Cj0KCQiAsOq6BhDuARIsAGQ4-zj9kcF2E-L7a31VjazCLMXCQnHOS04lIKCvZoqlHJr9Pi-dGbRyL64aAmk8EALw_wcB&tcskey=undefined,undefined,
大家どっとこむ,https://cf-ooya.com/,
不動産BANK,https://fudousan-bank.com,
スペースイノベーション,https://space-innovation.com/,
iRD,https://j-ird.jp,
まにわく,https://maniwaku.com,
利回り不動産,https://www.googleadservices.com/pagead/aclk?sa=L&ai=DChcSEwikuaTbgaSKAxVyVQ8CHTKtIbkYABAAGgJ0Yg&co=1&gclid=Cj0KCQiAsOq6BhDuARIsAGQ4-zj7CSx-GFf2knGunpXqT7L9h-m72G_cRRZZA3Xq4Mo4EOh602HVazAaArcDEALw_wcB&ohost=www.google.com&cid=CAESV-D2MoxwVIV8zXKiBaPwmb4RQdUgdBfpyKKkbM-6KDO48RDrQcgQUxjcdhAU2I3FHNfpMtCVwhhtHywrbEDY2lRoa2KKspZzXrj47Atb0bma4hIhcD17Xw&sig=AOD64_0bv2uYiX3wpidKVT9T1lUa92UeLg&q&adurl&ved=2ahUKEwi42J_bgaSKAxWNzjQHHZzXAg8Q0Qx6BAgNEAE&nis=2,
ソシオクラウド,https://socio-crowd.jp,
Victory Fund,https://victory-fund.jp/contents/beginner.html,
property+,https://www.googleadservices.com/pagead/aclk?sa=L&ai=DChcSEwjX6daUgqSKAxWfC3sHHUBgMQMYABAAGgJ0bQ&co=1&gclid=Cj0KCQiAsOq6BhDuARIsAGQ4-zgEZkEkrognXD0zBda_x3XGvtZCCZwYTV7R-fPs6H4ASmpjFRrkHnQaAoUREALw_wcB&ohost=www.google.com&cid=CAESV-D2ytiilpANzWmlMSVJEt-CR7Idhm2F7D_HPlGdXuvTN7BNZdbgsMFi8xwH1dFlo2AG_A0erUIy7tqpstFPdTN5-Ahyj17elKrhRj5l_0DdFRk50nvSaQ&sig=AOD64_3Ip7rTKmmnl7-CeWKBG2vPpsofPA&q&adurl&ved=2ahUKEwiQldGUgqSKAxW4h1YBHewSCQgQ0Qx6BAgOEAE&nis=2,
72CROWD,https://72crowd.com,
ジャストフィット,https://justfit-shimada.jp,
利回りくん,https://rimawarikun.com,
GALA FUNDING,https://gala-funding.com,
DARWIN FUNDING,https://darwinfunding.com/,
汐留ファンディング,https://shiodome-funding.com,
Lives FUNDING,https://lives-funding.com/?utm_source=blitz&utm_medium=portal&utm_campaign=blitz,
REVADD,https://www.revadd.jp,
つくるファンド,https://tsukuru-tateru.com,
FUNDI,https://funding.fundi.co.jp,
GATES FUNDING,https://funding.gatestokyo.co.jp,
Incapi,https://incapi.jp,
Re:Vest,https://re-vest.com,
TAMBO,https://tambo-fund.com,
らくたま,https://rakutama.jp,
BATUNAGU,https://batsunagu-funding.com,
100万円で大家さん,https://www.minnadeooyasan.com,
ONIGIRI Funding,https://onigiri.world,
TECROWD,https://tecrowd.jp,
CAMEL,https://camel-ftk.com,
Chotto. Fund,https://chotto.fund,
fundingtool,https://cosmobank-funding.com,
My Shop ファンド,https://my-shop-fund.jp,
みらファン,https://www.googleadservices.com/pagead/aclk?sa=L&ai=DChcSEwiW8dLghqSKAxXRXA8CHVG0Fg0YABAAGgJ0Yg&co=1&gclid=Cj0KCQiAsOq6BhDuARIsAGQ4-zjR3VYh76JUADLyv_TmG_oao9FnuOHTyDRS3PSz5O-Sz6ENPFcnQ0UaAioUEALw_wcB&ohost=www.google.com&cid=CAESV-D2lqXKmk217XcPHQF45frzqNwQhiv1Tql3TL7Rdbydk726U9SQY2G5C13CzjirdJ5iIMPXswxGujDPPaGtWdz23bTc3UcljvjqqxkIknTdDyls6MHE2A&sig=AOD64_0ajz4lFoekyEq-xfRCPGK7qirxlw&q&adurl&ved=2ahUKEwiV4c3ghqSKAxWV3zQHHbrWJ4AQ0Qx6BAgVEAE&nis=8,
SOLS,https://sols-funding.com,
エスティらいふファンド,https://sawada.co.jp/library/real-estate/489/,
TSON FUNDING,https://tson-funding.jp,
信長ファンディング,https://www.nobunaga-funding.jp,
ゴールドクラウド,https://aggcrowd.jp,
わかちあいファンド,https://www.googleadservices.com/pagead/aclk?sa=L&ai=DChcSEwiSncj6_aOKAxVrbQ8CHUN9AzYYABAAGgJ0Yg&co=1&gclid=Cj0KCQiAsOq6BhDuARIsAGQ4-zg3nyVwQ6aYIS9vwZtcotz6CzO9JfLAw3QmHsfTCg6dJaiuvI0Th7UaAnUtEALw_wcB&ohost=www.google.com&cid=CAESV-D2vj-uNGrIPmSV5IWwWb6O6UKAeJEIi89HddU8_DKwzfj3_HP0gucdGYJ6fJaIxyrtI2Rp-FX1pia1oOEzLXhhTcTiczGBZ-bp5okwNRtuxM8qsHQZyg&sig=AOD64_21f37yt4-_xA8Z9y8o_nGVWwDMlA&q&adurl&ved=2ahUKEwiunsP6_aOKAxX81TQHHVoRE-QQ0Qx6BAgVEAE&nis=2,
みんなで大家さんmini,https://minnadeooyasan-mini.com/index.html,
エードMYバンク,https://aidmybank.co.jp,
くじらファンディング,https://www.googleadservices.com/pagead/aclk?sa=L&ai=DChcSEwiSnKzM_aOKAxVyVQ8CHTKtIbkYABADGgJ0Yg&co=1&gclid=Cj0KCQiAsOq6BhDuARIsAGQ4-ziq7omMLBd3qDaZIDbD1BWpPvfWGgpetisieV5fB2Yfe2jLZpmf0K8aAkENEALw_wcB&ohost=www.google.com&cid=CAESV-D2Y4MGvSxZqd7OtkDgQ6SUZnqeNxKMuhksGIpQJEx1VHYt7duPonzNbs0nmY8hwQVBr6R28gKxEGlaIwuWWP6Mt-698O_hDYQ1QbJb6-4aFiHtTh2TJQ&sig=AOD64_2ZgAQ28f5HccipIKZtE_gQIS_3dQ&q&adurl&ved=2ahUKEwiL3qbM_aOKAxXslFYBHXkfAnwQ0Qx6BAgQEAE&nis=2,
みんなの年金,https://nexus-agent.com/service/service_mnn,
ヤマワケエステート,https://www.googleadservices.com/pagead/aclk?sa=L&ai=DChcSEwj9kPKl_aOKAxXEEnsHHcRDH4AYABAAGgJ0bQ&co=1&gclid=Cj0KCQiAsOq6BhDuARIsAGQ4-ziWZNGVaIXaULma7yw_GpMPazSICUS4FGXfbACsWJPl1oVRLhL5F3saAmOHEALw_wcB&ohost=www.google.com&cid=CAESV-D25FArJEvSeEmRav4OU4RDQojLAzBpCD39gcvj1QFfe6Xyf1nn1P8ADdKMh4ZfpJJo6glJcLpPsIFM8Cbtisn199olg4bFN8C6mTmBbmshSGLsDHnkxg&sig=AOD64_15OXf6Bc_8VAh783dUY0FBzzybxA&q&adurl&ved=2ahUKEwiQmu2l_aOKAxXTh1YBHXLGBD4Q0Qx6BAgLEAE&nis=8,
プレファン,https://www.pressance.co.jp/crowdfunding/,
みんなでシェアファンド,https://share-owner.com,
繁星優選,https://join.fanxing.co.jp/index,
おうちの再生ファンドVIFA,https://ouchinosaiseifund-vifa.jp,
田村ビルズクラウドファンディング,https://tamura-builds-crowdfunding.jp,
ビギナーズクラウド,https://beginners-cloud.jp,
ゴコウファンド,https://www.gokofund.jp,
えんfunding,https://en-funding.en-hd.jp,
LIFEFIELD FUND,https://hakatafudousan.com,
T’s Funding,https://tsfunding.jp,



mercurius,https://mercurius-ftk.com,
彩-SAI-,https://sai-crowdfunding.jp,
Myファンド クラウドファンディング,https://my-fund1.com,
VERFUND,https://verfund-invest.com,
CROWD BUILDS,https://crowdbuilds.jp,
糸funding,https://ito-funding.com,
REISMファンズ,https://re-ism-funds.jp,
投活,https://to-katsu.com,
ネット不動産ファンディング,https://net-fudosan-funding.com,
DAIMLAR FUND,https://daimlar.info,
Pocket+,https://e-pocket.jp,
Chotto.Fund,https://chotto.fund,
地域医療福祉支援ファンド,https://fukushi-fund.com,
Re-plan Funding,https://replan-funding.jp,
ココカラファンド,https://kokokara-fund.jp,
おうちの再生ファンドVIFA,https://ouchinosaiseifund-vifa.jp,
Ezファンド,https://ezfund.jp,
GREEDY,https://cf.greedy-re.com,
REEZIN,https://reezin-funding.jp,
Asset compass,https://assetcompass.jp,